Date;Time;Control - Voltaje de Bateria (V);Viento - Velocidad (km/h);Viento - Direccion (°);Temperatura (°C);Humedad Relativa (% RH);Presion Barometrica (hPa);Precipitation (mm)
5/05/22;0:00:00;6,75;10,63;52,7;7,3;83,8;731,1;0,0
5/05/22;0:10:00;6,75;13,19;60,3;6,7;86,2;731,0;0,0
5/05/22;0:20:00;6,75;11,58;61,4;6,6;85,9;731,0;0,0
5/05/22;0:30:00;6,75;10,91;21,5;6,7;83,7;730,9;0,0
5/05/22;0:40:00;6,75;13,91;53,6;6,6;83,6;730,8;0,0
5/05/22;0:50:00;6,75;12,22;56,2;6,4;85,4;730,9;0,0
5/05/22;1:00:00;6,75;12,99;87,4;6,3;85,7;730,8;0,0
5/05/22;1:10:00;6,75;12,56;76,9;6,5;80,6;730,8;0,0
5/05/22;1:20:00;6,67;12,45;55,1;6,1;84,4;730,8;0,0
5/05/22;1:30:00;6,67;13,08;69,2;6,0;81,0;730,8;0,0
5/05/22;1:40:00;6,67;12,62;73,8;5,9;80,8;730,8;0,0
5/05/22;1:50:00;6,67;10,00;69,1;6,2;77,5;730,8;0,0
5/05/22;2:00:00;6,67;7,45;80,9;6,4;75,5;730,9;0,0
5/05/22;2:10:00;6,67;7,72;54,4;6,4;75,7;731,0;0,0
5/05/22;2:20:00;6,67;8,37;42,0;6,2;80,7;731,0;0,0
5/05/22;2:30:00;6,67;11,96;51,9;5,5;80,8;730,8;0,0
5/05/22;2:40:00;6,67;14,08;51,6;4,7;85,1;730,7;0,0
5/05/22;2:50:00;6,67;16,22;53,9;4,8;84,3;730,6;0,0
5/05/22;3:00:00;6,67;14,79;54,9;4,7;81,7;730,5;0,0
5/05/22;3:10:00;6,67;11,29;58,6;4,4;79,6;730,4;0,0
5/05/22;3:20:00;6,67;10,49;33,8;4,9;76,5;730,4;0,0
5/05/22;3:30:00;6,59;12,08;50,3;4,9;77,1;730,4;0,0
5/05/22;3:40:00;6,59;12,58;65,6;4,6;80,3;730,3;0,0
5/05/22;3:50:00;6,59;12,19;50,0;4,6;79,2;730,3;0,0
5/05/22;4:00:00;6,59;15,59;50,1;4,5;76,3;730,2;0,0
5/05/22;4:10:00;6,59;16,44;60,1;4,9;76,9;730,2;0,0
5/05/22;4:20:00;6,59;14,63;59,5;4,7;77,4;730,2;0,0
5/05/22;4:30:00;6,59;15,99;61,8;4,8;72,5;730,1;0,0
5/05/22;4:40:00;6,59;15,31;53,1;5,1;72,5;730,1;0,0
5/05/22;4:50:00;6,59;15,00;64,1;5,5;66,5;730,1;0,0
5/05/22;5:00:00;6,59;13,82;56,4;6,0;63,2;730,2;0,0
5/05/22;5:10:00;6,59;15,94;50,2;5,4;66,9;730,1;0,0
5/05/22;5:20:00;6,59;16,62;50,4;5,5;64,8;730,1;0,0
5/05/22;5:30:00;6,59;16,36;59,3;6,2;59,1;730,1;0,0
5/05/22;5:40:00;6,59;15,38;42,2;6,4;57,6;730,2;0,0
5/05/22;5:50:00;6,59;14,98;60,3;7,2;53,7;730,2;0,0
5/05/22;6:00:00;6,51;15,56;52,8;7,0;54,3;730,3;0,0
5/05/22;6:10:00;6,51;16,75;66,1;6,4;57,3;730,4;0,0
5/05/22;6:20:00;6,51;17,06;56,9;6,6;55,3;730,5;0,0
5/05/22;6:30:00;6,51;14,83;53,6;6,1;57,9;730,6;0,0
5/05/22;6:40:00;6,51;16,81;72,2;6,6;54,5;730,7;0,0
5/05/22;6:50:00;6,51;16,01;68,7;6,3;56,5;730,8;0,0
5/05/22;7:00:00;6,51;18,06;61,4;6,2;58,7;730,9;0,0
5/05/22;7:10:00;6,59;18,68;64,8;6,0;61,0;731,1;0,0
5/05/22;7:20:00;6,67;17,66;62,8;6,9;59,6;731,2;0,0
5/05/22;7:30:00;6,67;18,46;59,9;8,1;55,5;731,3;0,0
5/05/22;7:40:00;6,75;16,42;53,5;9,0;52,6;731,4;0,0
5/05/22;7:50:00;6,75;18,26;46,6;10,1;48,9;731,5;0,0
5/05/22;8:00:00;6,82;18,25;70,4;11,2;43,7;731,5;0,0
5/05/22;8:10:00;6,82;12,90;71,5;12,1;42,6;731,7;0,0
5/05/22;8:20:00;6,82;11,71;67,2;13,2;39,4;731,7;0,0
5/05/22;8:30:00;6,90;8,61;96,6;13,8;38,0;731,7;0,0
5/05/22;8:40:00;6,90;10,01;65,1;14,4;34,8;731,6;0,0
5/05/22;8:50:00;6,90;10,44;39,2;15,2;32,6;731,6;0,0
5/05/22;9:00:00;6,98;10,63;32,3;15,8;31,7;731,6;0,0
5/05/22;9:10:00;6,98;8,96;66,5;16,6;30,2;731,6;0,0
5/05/22;9:20:00;6,98;7,35;134,3;17,3;28,9;731,6;0,0
5/05/22;9:30:00;6,98;5,61;213,3;16,8;32,6;731,6;0,0
5/05/22;9:40:00;6,98;8,13;192,5;16,5;34,1;731,6;0,0
5/05/22;9:50:00;7,06;8,18;218,0;16,7;33,6;731,6;0,0
5/05/22;10:00:00;7,06;7,79;201,1;17,4;31,2;731,6;0,0
5/05/22;10:10:00;7,06;8,38;283,0;18,1;31,1;731,5;0,0
5/05/22;10:20:00;7,06;13,36;354,6;18,5;29,7;731,5;0,0
5/05/22;10:30:00;7,06;13,32;340,2;18,7;28,5;731,5;0,0
5/05/22;10:40:00;7,06;10,74;319,1;19,5;28,0;731,4;0,0
5/05/22;10:50:00;7,06;11,75;315,2;19,7;26,7;731,3;0,0
5/05/22;11:00:00;7,06;14,37;345,1;19,7;26,1;731,2;0,0
5/05/22;11:10:00;7,14;14,65;8,3;19,6;25,6;731,2;0,0
5/05/22;11:20:00;7,14;13,87;23,0;20,0;26,0;731,0;0,0
5/05/22;11:30:00;7,06;15,54;4,9;20,2;26,6;730,9;0,0
5/05/22;11:40:00;7,14;13,79;347,2;20,5;26,1;730,8;0,0
5/05/22;11:50:00;7,14;13,60;255,3;20,8;25,4;730,7;0,0
5/05/22;12:00:00;7,14;11,90;305,8;21,4;25,0;730,5;0,0
5/05/22;12:10:00;7,14;10,82;60,7;21,1;23,8;730,4;0,0
5/05/22;12:20:00;7,14;9,32;328,1;21,9;23,6;730,3;0,0
5/05/22;12:30:00;7,06;9,89;315,4;22,1;20,4;730,2;0,0
5/05/22;12:40:00;7,06;6,98;359,0;22,4;20,2;730,1;0,0
5/05/22;12:50:00;7,06;13,13;345,3;22,8;20,1;730,0;0,0
5/05/22;13:00:00;7,06;16,60;326,3;22,2;22,1;729,9;0,0
5/05/22;13:10:00;7,06;15,89;355,3;22,3;22,8;729,8;0,0
5/05/22;13:20:00;7,06;19,28;357,8;22,1;22,8;729,7;0,0
5/05/22;13:30:00;7,06;19,92;1,6;22,1;23,3;729,6;0,0
5/05/22;13:40:00;7,06;23,31;25,9;21,8;25,1;729,5;0,0
5/05/22;13:50:00;7,14;24,76;11,8;21,7;24,9;729,4;0,0
5/05/22;14:00:00;7,14;27,35;13,7;21,2;25,5;729,3;0,0
5/05/22;14:10:00;7,14;29,93;359,0;20,9;26,8;729,2;0,0
5/05/22;14:20:00;7,14;29,15;10,7;20,9;26,7;729,2;0,0
5/05/22;14:30:00;7,14;27,46;24,3;21,0;24,5;729,1;0,0
5/05/22;14:40:00;7,14;26,19;33,4;21,2;26,5;729,1;0,0
5/05/22;14:50:00;7,14;25,56;353,6;21,0;27,1;729,0;0,0
5/05/22;15:00:00;7,14;27,58;358,0;20,8;27,2;729,0;0,0
5/05/22;15:10:00;7,14;27,08;25,0;20,5;27,4;728,9;0,0
5/05/22;15:20:00;7,14;27,77;356,5;20,7;25,7;728,8;0,0
5/05/22;15:30:00;7,14;25,07;5,5;20,6;26,0;728,8;0,0
5/05/22;15:40:00;7,14;28,20;12,6;20,2;26,2;728,7;0,0
5/05/22;15:50:00;7,14;28,51;359,0;19,9;27,6;728,8;0,0
5/05/22;16:00:00;7,14;27,60;31,2;19,6;29,1;728,8;0,0
5/05/22;16:10:00;7,14;29,81;8,6;19,4;29,2;728,8;0,0
5/05/22;16:20:00;7,14;28,00;9,0;19,2;30,1;728,8;0,0
5/05/22;16:30:00;7,14;26,59;7,6;19,1;30,0;728,8;0,0
5/05/22;16:40:00;7,14;30,14;334,8;18,8;30,1;728,8;0,0
5/05/22;16:50:00;7,14;28,93;358,7;18,5;32,2;728,9;0,0
5/05/22;17:00:00;7,06;28,86;359,1;18,2;32,9;728,8;0,0
5/05/22;17:10:00;7,06;29,57;3,4;17,8;35,1;728,8;0,0
5/05/22;17:20:00;7,06;29,32;5,4;17,5;36,1;728,9;0,0
5/05/22;17:30:00;7,06;29,55;346,5;16,7;42,1;729,0;0,0
5/05/22;17:40:00;7,06;30,65;345,6;15,5;48,1;729,0;0,0
5/05/22;17:50:00;7,06;35,23;342,5;15,0;51,1;729,1;0,0
5/05/22;18:00:00;6,98;34,19;348,0;14,6;52,7;729,2;0,0
5/05/22;18:10:00;6,98;31,66;10,1;14,4;52,8;729,2;0,0
5/05/22;18:20:00;6,98;28,54;353,7;14,4;52,0;729,2;0,0
5/05/22;18:30:00;6,98;27,83;352,9;14,4;51,4;729,2;0,0
5/05/22;18:40:00;6,98;29,15;5,7;14,2;51,4;729,3;0,0
5/05/22;18:50:00;6,98;28,09;15,8;14,2;50,3;729,4;0,0
5/05/22;19:00:00;6,98;25,89;13,2;14,5;46,5;729,5;0,0
5/05/22;19:10:00;6,90;25,73;0,6;14,5;46,5;729,5;0,0
5/05/22;19:20:00;6,90;29,91;351,1;14,4;46,7;729,6;0,0
5/05/22;19:30:00;6,90;26,95;5,2;14,6;42,1;729,7;0,0
5/05/22;19:40:00;6,90;27,11;16,2;14,0;46,6;729,8;0,0
5/05/22;19:50:00;6,90;26,59;13,2;14,5;41,7;729,8;0,0
5/05/22;20:00:00;6,90;25,40;12,4;14,3;42,4;730,0;0,0
5/05/22;20:10:00;6,90;20,06;39,6;12,6;53,5;730,0;0,0
5/05/22;20:20:00;6,90;20,46;27,0;12,7;47,7;730,1;0,0
5/05/22;20:30:00;6,90;23,87;6,7;13,9;39,0;730,3;0,0
5/05/22;20:40:00;6,82;21,91;6,0;13,9;39,5;730,3;0,0
5/05/22;20:50:00;6,82;20,27;51,1;13,3;41,6;730,4;0,0
5/05/22;21:00:00;6,82;17,46;52,4;10,7;53,9;730,5;0,0
5/05/22;21:10:00;6,82;15,60;49,4;10,0;55,7;730,5;0,0
5/05/22;21:20:00;6,82;17,35;71,2;9,6;56,1;730,6;0,0
5/05/22;21:30:00;6,82;17,11;72,8;9,5;56,3;730,6;0,0
5/05/22;21:40:00;6,82;17,67;59,2;9,1;55,6;730,6;0,0
5/05/22;21:50:00;6,82;14,61;56,9;8,5;52,4;730,8;0,0
5/05/22;22:00:00;6,82;14,24;57,6;7,4;51,3;730,9;0,0
5/05/22;22:10:00;6,75;13,10;72,1;7,2;49,3;730,9;0,0
5/05/22;22:20:00;6,75;13,71;60,4;6,8;50,1;730,9;0,0
5/05/22;22:30:00;6,75;14,40;56,7;6,6;52,5;730,9;0,0
5/05/22;22:40:00;6,75;13,98;64,7;6,8;50,2;730,9;0,0
5/05/22;22:50:00;6,75;13,97;68,2;6,0;55,0;730,9;0,0
5/05/22;23:00:00;6,75;15,36;66,0;5,5;55,3;730,8;0,0
5/05/22;23:10:00;6,75;15,53;62,7;5,2;57,3;730,8;0,0
5/05/22;23:20:00;6,75;15,92;71,3;5,0;58,2;730,8;0,0
5/05/22;23:30:00;6,75;15,68;63,2;5,2;57,0;730,9;0,0
5/05/22;23:40:00;6,75;17,08;63,8;5,3;55,8;730,9;0,0
5/05/22;23:50:00;6,75;18,04;62,4;5,1;56,9;730,8;0,0
6/05/22;0:00:00;6,75;17,75;58,3;4,9;58,3;730,7;0,0
6/05/22;0:10:00;6,75;18,21;59,2;5,1;58,4;730,7;0,0
6/05/22;0:20:00;6,67;17,73;59,0;5,3;56,4;730,6;0,0
6/05/22;0:30:00;6,67;16,06;69,2;5,2;57,5;730,7;0,0
6/05/22;0:40:00;6,67;16,14;63,7;4,7;60,0;730,6;0,0
6/05/22;0:50:00;6,67;16,48;59,4;5,0;58,5;730,5;0,0
6/05/22;1:00:00;6,67;16,29;59,2;4,8;59,8;730,6;0,0
6/05/22;1:10:00;6,67;17,72;62,9;4,8;60,3;730,5;0,0
6/05/22;1:20:00;6,67;16,96;65,2;4,6;62,2;730,4;0,0
6/05/22;1:30:00;6,67;17,22;58,2;4,6;63,3;730,4;0,0
6/05/22;1:40:00;6,67;17,63;63,9;4,4;64,8;730,3;0,0
6/05/22;1:50:00;6,67;16,50;60,0;4,1;66,7;730,2;0,0
6/05/22;2:00:00;6,67;17,94;61,8;4,8;62,8;730,1;0,0
6/05/22;2:10:00;6,67;17,08;58,0;4,2;66,4;730,1;0,0
6/05/22;2:20:00;6,67;17,59;54,9;4,1;66,9;730,1;0,0
6/05/22;2:30:00;6,59;18,27;60,8;4,3;66,7;730,0;0,0
6/05/22;2:40:00;6,59;16,72;56,8;4,1;68,8;730,0;0,0
6/05/22;2:50:00;6,59;17,50;63,0;4,3;67,9;729,9;0,0
6/05/22;3:00:00;6,59;19,34;55,4;4,4;69,2;729,8;0,0
6/05/22;3:10:00;6,59;19,13;62,4;4,7;64,8;729,7;0,0
6/05/22;3:20:00;6,59;15,78;55,1;4,1;68,5;729,7;0,0
6/05/22;3:30:00;6,59;17,16;59,1;4,4;69,4;729,6;0,0
6/05/22;3:40:00;6,59;16,37;62,1;4,1;71,4;729,5;0,0
6/05/22;3:50:00;6,59;15,26;69,2;4,5;69,1;729,5;0,0
6/05/22;4:00:00;6,59;16,35;67,9;4,7;68,8;729,4;0,0
6/05/22;4:10:00;6,59;16,96;66,4;4,8;67,9;729,4;0,0
6/05/22;4:20:00;6,59;14,18;58,1;4,6;67,6;729,4;0,0
6/05/22;4:30:00;6,59;16,16;51,8;4,6;70,4;729,4;0,0
6/05/22;4:40:00;6,59;17,54;54,3;5,0;69,2;729,4;0,0
6/05/22;4:50:00;6,59;17,03;56,6;5,3;66,2;729,4;0,0
6/05/22;5:00:00;6,59;17,99;51,3;5,1;67,6;729,4;0,0
6/05/22;5:10:00;6,51;18,26;55,6;5,1;65,9;729,4;0,0
6/05/22;5:20:00;6,51;18,37;62,0;4,8;69,2;729,5;0,0
6/05/22;5:30:00;6,51;18,66;56,6;5,0;72,0;729,5;0,0
6/05/22;5:40:00;6,51;18,90;50,4;4,9;69,1;729,6;0,0
6/05/22;5:50:00;6,51;19,18;49,5;4,6;69,0;729,6;0,0
6/05/22;6:00:00;6,51;18,82;59,1;4,9;68,1;729,6;0,0
6/05/22;6:10:00;6,51;18,74;63,4;5,7;64,6;729,6;0,0
6/05/22;6:20:00;6,51;18,16;52,1;6,2;67,0;729,7;0,0
6/05/22;6:30:00;6,51;23,51;14,4;8,5;70,5;729,8;0,0
6/05/22;6:40:00;6,51;32,97;6,1;10,6;70,3;729,9;0,0
6/05/22;6:50:00;6,51;30,96;19,6;10,5;69,9;730,1;0,0
6/05/22;7:00:00;6,51;39,32;8,5;11,1;69,5;730,2;0,0
6/05/22;7:10:00;6,59;38,55;4,6;11,1;68,1;730,4;0,0
6/05/22;7:20:00;6,59;40,10;17,4;11,3;67,8;730,4;0,0
6/05/22;7:30:00;6,67;42,98;10,6;11,4;67,5;730,6;0,0
6/05/22;7:40:00;6,67;42,93;10,2;11,7;65,6;730,7;0,0
6/05/22;7:50:00;6,75;38,23;8,8;11,9;65,0;730,8;0,0
6/05/22;8:00:00;6,75;40,12;5,6;12,2;64,2;730,8;0,0
6/05/22;8:10:00;6,82;41,99;11,5;12,3;63,9;730,9;0,0
6/05/22;8:20:00;6,82;41,08;8,2;12,6;62,0;730,9;0,0
6/05/22;8:30:00;6,82;38,58;14,7;12,9;61,3;731,0;0,0
6/05/22;8:40:00;6,90;41,24;7,7;12,9;60,8;731,1;0,0
6/05/22;8:50:00;6,90;41,89;357,6;13,1;60,0;731,0;0,0
6/05/22;9:00:00;6,98;42,54;12,8;13,1;61,5;731,1;0,0
6/05/22;9:10:00;6,98;41,90;13,2;13,4;61,2;731,1;0,0
6/05/22;9:20:00;6,98;41,25;6,0;13,4;61,4;731,2;0,0
6/05/22;9:30:00;7,06;39,32;326,5;13,7;61,5;731,3;0,0
6/05/22;9:40:00;7,06;38,34;351,0;13,9;60,4;731,3;0,0
6/05/22;9:50:00;7,06;35,40;4,0;14,4;57,1;731,3;0,0
6/05/22;10:00:00;7,06;35,80;1,7;14,6;56,8;731,4;0,0
6/05/22;10:10:00;7,14;37,15;351,0;14,9;55,1;731,4;0,0
6/05/22;10:20:00;7,14;34,98;357,1;15,3;53,8;731,3;0,0
6/05/22;10:30:00;7,14;32,68;1,7;15,9;51,6;731,3;0,0
6/05/22;10:40:00;7,14;35,07;2,5;16,0;51,0;731,2;0,0
6/05/22;10:50:00;7,14;35,31;358,6;16,2;51,8;731,1;0,0
6/05/22;11:00:00;7,14;37,71;358,8;16,2;51,8;731,0;0,0
6/05/22;11:10:00;7,14;39,83;353,5;16,1;53,8;730,9;0,0
6/05/22;11:20:00;7,14;37,98;12,0;16,5;52,2;730,7;0,0
6/05/22;11:30:00;7,14;38,41;359,5;16,7;51,3;730,6;0,0
6/05/22;11:40:00;7,14;38,74;352,4;16,8;50,3;730,5;0,0
6/05/22;11:50:00;7,14;41,21;352,8;16,8;51,5;730,4;0,0
6/05/22;12:00:00;7,14;41,78;358,6;16,6;52,9;730,4;0,0
6/05/22;12:10:00;7,14;38,25;31,3;17,0;52,0;730,2;0,0
6/05/22;12:20:00;7,14;37,26;346,7;17,1;52,0;730,1;0,0
6/05/22;12:30:00;7,14;38,39;359,1;17,1;52,7;730,1;0,0
6/05/22;12:40:00;7,14;36,42;345,3;17,3;51,6;730,1;0,0
6/05/22;12:50:00;7,14;36,84;345,1;17,1;52,1;730,0;0,0
6/05/22;13:00:00;7,14;38,52;352,8;16,9;53,7;729,8;0,0
6/05/22;13:10:00;7,14;36,41;343,9;17,1;53,0;729,7;0,0
6/05/22;13:20:00;7,14;36,29;358,9;17,4;52,4;729,7;0,0
6/05/22;13:30:00;7,14;36,16;346,5;17,2;51,4;729,7;0,0
6/05/22;13:40:00;7,14;36,70;348,4;17,2;52,5;729,7;0,0
6/05/22;13:50:00;7,14;36,51;354,7;17,2;51,8;729,6;0,0
6/05/22;14:00:00;7,14;36,73;349,0;17,1;53,0;729,5;0,0
6/05/22;14:10:00;7,14;35,01;358,5;17,2;52,6;729,5;0,0
6/05/22;14:20:00;7,14;34,61;348,6;17,5;51,6;729,4;0,0
6/05/22;14:30:00;7,14;33,77;351,1;17,5;50,4;729,4;0,0
6/05/22;14:40:00;7,14;33,39;346,8;17,7;49,7;729,3;0,0
6/05/22;14:50:00;7,14;30,76;350,5;17,8;48,7;729,2;0,0
6/05/22;15:00:00;7,14;33,38;345,7;17,8;50,6;729,1;0,0
6/05/22;15:10:00;7,14;32,68;353,5;17,6;51,5;729,1;0,0
6/05/22;15:20:00;7,14;36,34;349,5;17,3;52,3;729,1;0,0
6/05/22;15:30:00;7,14;37,00;343,3;16,9;52,7;729,0;0,0
6/05/22;15:40:00;7,14;35,70;349,1;16,7;53,4;729,1;0,0
6/05/22;15:50:00;7,14;34,51;347,5;16,5;54,6;729,0;0,0
6/05/22;16:00:00;7,14;35,38;348,9;16,2;56,5;729,0;0,0
6/05/22;16:10:00;7,14;41,25;353,6;15,7;56,6;728,9;0,0
6/05/22;16:20:00;7,14;42,88;350,8;15,0;59,3;729,1;0,0
6/05/22;16:30:00;7,14;41,80;350,6;14,8;59,9;729,2;0,0
6/05/22;16:40:00;7,14;42,72;349,9;14,5;60,9;729,2;0,0
6/05/22;16:50:00;7,14;41,90;349,8;14,3;61,0;729,2;0,0
6/05/22;17:00:00;7,14;41,00;352,4;14,2;61,1;729,2;0,0
6/05/22;17:10:00;7,14;42,09;350,3;13,9;61,8;729,2;0,0
6/05/22;17:20:00;7,06;40,05;359,0;13,9;60,1;729,3;0,0
6/05/22;17:30:00;7,06;33,70;9,5;14,4;54,6;729,3;0,0
6/05/22;17:40:00;7,06;31,75;3,0;14,1;55,2;729,4;0,0
6/05/22;17:50:00;7,06;25,66;13,4;14,2;51,5;729,6;0,0
6/05/22;18:00:00;7,06;22,62;4,6;14,4;50,4;729,7;0,0
6/05/22;18:10:00;7,06;20,34;19,6;13,8;52,4;729,8;0,0
6/05/22;18:20:00;6,98;18,92;353,3;13,9;52,0;730,0;0,0
6/05/22;18:30:00;6,98;21,10;0,2;13,2;57,3;730,2;0,0
6/05/22;18:40:00;6,98;24,59;342,7;12,8;60,4;730,2;0,0
6/05/22;18:50:00;6,98;25,35;355,8;12,5;62,8;730,3;0,0
6/05/22;19:00:00;6,98;31,66;342,9;12,1;67,7;730,5;0,0
6/05/22;19:10:00;6,98;32,96;345,7;11,9;69,1;730,6;0,0
6/05/22;19:20:00;6,98;32,19;334,9;11,9;69,5;730,7;0,0
6/05/22;19:30:00;6,98;34,15;347,2;11,8;70,2;730,8;0,0
6/05/22;19:40:00;6,90;38,07;351,5;11,5;72,6;731,1;0,0
6/05/22;19:50:00;6,90;36,41;349,7;11,6;71,3;731,2;0,0
6/05/22;20:00:00;6,90;36,41;343,1;11,6;71,1;731,3;0,0
6/05/22;20:10:00;6,90;34,10;349,6;11,7;69,2;731,3;0,0
6/05/22;20:20:00;6,90;33,03;347,4;11,7;69,4;731,4;0,0
6/05/22;20:30:00;6,90;30,22;338,5;11,5;69,7;731,5;0,0
6/05/22;20:40:00;6,90;27,39;343,2;11,3;70,8;731,7;0,0
6/05/22;20:50:00;6,90;25,68;344,2;11,2;72,0;731,7;0,0
6/05/22;21:00:00;6,82;15,61;345,0;10,7;74,4;731,8;0,0
6/05/22;21:10:00;6,82;16,45;42,7;10,5;75,7;731,9;0,0
6/05/22;21:20:00;6,82;17,79;68,9;10,0;77,6;731,8;0,0
6/05/22;21:30:00;6,82;14,65;69,6;9,6;77,9;731,9;0,0
6/05/22;21:40:00;6,82;13,85;59,8;8,9;79,1;732,1;0,0
6/05/22;21:50:00;6,82;15,43;60,4;8,5;79,9;732,1;0,0
6/05/22;22:00:00;6,82;14,07;54,5;8,3;80,2;732,2;0,0
6/05/22;22:10:00;6,82;14,60;68,5;8,0;81,1;732,2;0,0
6/05/22;22:20:00;6,82;11,57;62,8;7,7;78,7;732,3;0,0
6/05/22;22:30:00;6,82;13,89;47,3;7,4;78,7;732,3;0,0
6/05/22;22:40:00;6,82;11,52;62,9;6,9;80,1;732,4;0,0
6/05/22;22:50:00;6,82;9,68;80,5;6,9;80,1;732,5;0,0
6/05/22;23:00:00;6,82;9,63;61,1;6,8;79,5;732,6;0,0
6/05/22;23:10:00;6,75;8,85;78,6;6,5;80,7;732,6;0,0
6/05/22;23:20:00;6,75;10,51;64,0;6,3;80,9;732,6;0,0
6/05/22;23:30:00;6,75;10,10;65,3;5,7;83,1;732,6;0,0
6/05/22;23:40:00;6,75;10,53;65,9;5,5;84,4;732,7;0,0
6/05/22;23:50:00;6,75;10,10;46,3;5,4;84,1;732,6;0,0
7/05/22;0:00:00;6,75;12,48;53,2;5,5;83,3;732,6;0,0
7/05/22;0:10:00;6,75;10,56;67,7;5,4;83,3;732,6;0,0
7/05/22;0:20:00;6,75;9,68;62,4;4,9;86,9;732,7;0,0
7/05/22;0:30:00;6,75;10,59;49,7;5,0;87,0;732,8;0,0
7/05/22;0:40:00;6,67;10,65;44,0;5,3;85,2;732,9;0,0
7/05/22;0:50:00;6,75;11,19;56,6;4,9;85,7;732,8;0,0
7/05/22;1:00:00;6,67;10,38;69,0;4,1;90,2;732,7;0,0
7/05/22;1:10:00;6,67;10,23;65,5;4,3;91,0;732,7;0,0
7/05/22;1:20:00;6,67;11,35;54,5;5,0;88,7;732,6;0,0
7/05/22;1:30:00;6,67;11,84;46,5;5,2;88,3;732,6;0,0
7/05/22;1:40:00;6,67;11,23;40,2;5,8;85,8;732,6;0,0
7/05/22;1:50:00;6,67;11,31;55,4;6,2;84,5;732,5;0,0
7/05/22;2:00:00;6,67;8,45;55,2;6,4;84,6;732,5;0,0
7/05/22;2:10:00;6,67;8,66;53,7;6,1;86,4;732,5;0,0
7/05/22;2:20:00;6,67;6,61;53,8;6,3;86,4;732,4;0,0
7/05/22;2:30:00;6,67;5,71;49,1;6,5;85,9;732,3;0,0
7/05/22;2:40:00;6,67;6,63;37,8;6,6;84,5;732,2;0,0
7/05/22;2:50:00;6,67;4,33;100,8;7,1;83,2;732,2;0,0
7/05/22;3:00:00;6,67;3,07;58,9;7,4;83,1;732,2;0,0
7/05/22;3:10:00;6,67;4,70;46,9;7,1;83,3;732,1;0,0
7/05/22;3:20:00;6,67;1,36;297,7;7,3;84,5;732,1;0,0
7/05/22;3:30:00;6,59;0,90;175,7;7,5;85,3;732,0;0,0
7/05/22;3:40:00;6,59;2,53;154,8;7,6;86,3;731,9;0,0
7/05/22;3:50:00;6,59;2,84;60,2;6,9;85,6;731,6;0,0
7/05/22;4:00:00;6,59;2,57;348,0;7,0;86,8;731,6;0,0
7/05/22;4:10:00;6,59;1,19;249,9;7,0;88,7;731,5;0,0
7/05/22;4:20:00;6,59;3,91;245,8;6,9;89,8;731,5;0,0
7/05/22;4:30:00;6,59;5,57;233,5;6,5;91,1;731,6;0,0
7/05/22;4:40:00;6,59;9,47;296,9;6,3;91,9;731,5;0,0
7/05/22;4:50:00;6,59;10,34;216,2;6,6;93,2;731,6;0,0
7/05/22;5:00:00;6,59;13,68;339,7;7,0;93,0;731,6;0,0
7/05/22;5:10:00;6,59;17,67;348,9;8,2;91,5;731,7;0,0
7/05/22;5:20:00;6,59;26,19;3,4;8,3;91,6;731,7;0,0
7/05/22;5:30:00;6,59;29,71;11,0;8,1;93,5;731,5;0,0
7/05/22;5:40:00;6,59;28,60;11,2;8,2;92,3;731,6;0,0
7/05/22;5:50:00;6,59;29,73;2,2;8,5;89,7;731,6;0,0
7/05/22;6:00:00;6,59;29,47;23,2;8,5;88,1;731,6;0,0
7/05/22;6:10:00;6,51;29,40;22,1;8,7;86,6;731,7;0,0
7/05/22;6:20:00;6,51;29,24;12,9;8,7;85,8;731,7;0,0
7/05/22;6:30:00;6,51;29,58;14,5;8,8;84,7;731,7;0,0
7/05/22;6:40:00;6,51;25,24;351,2;8,8;84,5;731,9;0,0
7/05/22;6:50:00;6,51;19,90;353,3;8,7;85,2;732,1;0,0
7/05/22;7:00:00;6,51;27,61;355,2;8,5;86,7;732,2;0,0
7/05/22;7:10:00;6,59;25,91;0,2;8,7;86,0;732,2;0,0
7/05/22;7:20:00;6,67;22,31;346,9;8,8;85,6;732,4;0,0
7/05/22;7:30:00;6,67;19,60;357,0;9,3;82,9;732,6;0,0
7/05/22;7:40:00;6,75;21,14;7,1;9,8;79,5;732,5;0,0
7/05/22;7:50:00;6,75;23,17;356,8;10,3;76,1;732,6;0,0
7/05/22;8:00:00;6,75;26,56;355,8;10,7;72,7;732,5;0,0
7/05/22;8:10:00;6,82;27,48;358,4;11,1;70,5;732,6;0,0
7/05/22;8:20:00;6,82;33,87;350,0;10,7;73,3;732,6;0,0
7/05/22;8:30:00;6,90;31,63;343,3;11,0;72,5;732,5;0,0
7/05/22;8:40:00;6,90;31,46;5,0;11,9;69,1;732,3;0,0
7/05/22;8:50:00;6,90;32,99;343,7;12,1;69,1;732,2;0,0
7/05/22;9:00:00;6,98;34,20;21,9;12,2;68,3;731,9;0,0
7/05/22;9:10:00;6,98;39,19;7,6;12,1;68,9;731,8;0,0
7/05/22;9:20:00;7,06;38,69;25,3;12,3;67,7;731,9;0,0
7/05/22;9:30:00;7,06;41,94;25,7;12,3;67,5;731,8;0,0
7/05/22;9:40:00;7,06;36,94;18,1;12,7;66,2;731,9;0,0
7/05/22;9:50:00;7,06;37,27;4,3;12,9;64,1;731,9;0,0
7/05/22;10:00:00;7,14;36,14;11,7;13,1;63,8;732,0;0,0
7/05/22;10:10:00;7,14;36,35;350,8;13,2;63,7;732,0;0,0
7/05/22;10:20:00;7,14;39,59;350,1;13,2;63,2;732,0;0,0
7/05/22;10:30:00;7,14;42,12;29,9;12,9;64,8;731,9;0,0
7/05/22;10:40:00;7,14;42,98;57,5;12,8;64,7;731,9;0,0
7/05/22;10:50:00;7,22;39,56;7,7;13,4;61,9;731,7;0,0
7/05/22;11:00:00;7,22;39,80;8,2;13,6;61,0;731,6;0,0
7/05/22;11:10:00;7,22;38,35;21,2;14,0;60,3;731,5;0,0
7/05/22;11:20:00;7,22;33,75;1,3;15,0;55,9;731,4;0,0
7/05/22;11:30:00;7,22;32,73;20,1;15,3;54,8;731,2;0,0
7/05/22;11:40:00;7,22;32,01;21,6;15,7;52,7;731,0;0,0
7/05/22;11:50:00;7,22;32,49;34,3;16,1;52,1;730,9;0,0
7/05/22;12:00:00;7,22;34,01;42,1;15,9;52,5;730,8;0,0
7/05/22;12:10:00;7,22;36,97;24,7;16,0;52,6;730,7;0,0
7/05/22;12:20:00;7,22;36,40;9,9;15,8;52,8;730,6;0,0
7/05/22;12:30:00;7,22;36,14;16,5;16,1;52,5;730,4;0,0
7/05/22;12:40:00;7,22;36,99;23,4;16,2;51,9;730,3;0,0
7/05/22;12:50:00;7,22;41,31;38,2;15,6;54,3;730,1;0,0
7/05/22;13:00:00;7,14;37,71;23,5;15,7;55,2;730,1;0,0
7/05/22;13:10:00;7,22;43,96;10,5;15,2;56,0;730,1;0,0
7/05/22;13:20:00;7,22;44,59;7,5;15,0;56,1;729,9;0,0
7/05/22;13:30:00;7,22;41,15;30,1;15,3;54,8;730,0;0,0
7/05/22;13:40:00;7,22;39,41;16,2;15,3;54,4;729,9;0,0
7/05/22;13:50:00;7,22;39,14;11,0;15,1;55,0;729,8;0,0
7/05/22;14:00:00;7,22;42,96;9,3;15,1;54,6;729,8;0,0
7/05/22;14:10:00;7,22;42,69;36,8;14,9;55,8;729,6;0,0
7/05/22;14:20:00;7,22;40,82;339,6;15,0;55,2;729,7;0,0
7/05/22;14:30:00;7,22;38,89;359,0;15,2;55,1;729,4;0,0
7/05/22;14:40:00;7,22;39,82;9,5;15,2;54,7;729,3;0,0
7/05/22;14:50:00;7,22;39,99;356,6;14,8;56,7;729,3;0,0
7/05/22;15:00:00;7,22;43,47;11,4;14,5;58,2;729,2;0,0
7/05/22;15:10:00;7,22;38,28;6,5;14,4;58,8;729,2;0,0
7/05/22;15:20:00;7,22;37,83;355,2;14,3;59,0;728,8;0,0
7/05/22;15:30:00;7,22;40,21;28,3;13,6;61,0;728,8;0,0
7/05/22;15:40:00;7,22;46,34;21,6;13,0;63,5;728,9;0,0
7/05/22;15:50:00;7,22;46,42;0,4;12,6;64,4;728,8;0,0
7/05/22;16:00:00;7,22;48,20;8,8;12,4;66,4;728,8;0,0
7/05/22;16:10:00;7,22;47,23;8,7;12,0;68,8;728,7;0,0
7/05/22;16:20:00;7,22;49,30;15,2;11,7;69,8;728,7;0,0
7/05/22;16:30:00;7,22;49,18;358,7;11,3;71,9;728,7;0,0
7/05/22;16:40:00;7,22;50,66;12,8;11,0;73,0;728,6;0,0
7/05/22;16:50:00;7,14;47,95;19,3;10,8;74,4;728,8;0,0
7/05/22;17:00:00;7,14;48,66;11,0;10,4;76,4;729,0;0,0
7/05/22;17:10:00;7,14;45,75;16,5;10,5;74,8;729,0;0,0
7/05/22;17:20:00;7,06;42,30;11,2;10,4;75,2;729,1;0,0
7/05/22;17:30:00;7,06;39,57;26,3;10,4;73,1;729,1;0,0
7/05/22;17:40:00;7,06;40,90;6,2;10,5;71,1;729,2;0,0
7/05/22;17:50:00;7,06;40,73;2,2;10,6;70,7;729,2;0,0
7/05/22;18:00:00;7,06;34,88;10,0;10,5;71,1;729,4;0,0
7/05/22;18:10:00;7,06;31,02;25,6;10,5;71,0;729,5;0,0
7/05/22;18:20:00;7,06;30,27;2,3;10,5;71,2;729,5;0,0
7/05/22;18:30:00;6,98;31,44;352,3;10,5;71,5;729,7;0,0
7/05/22;18:40:00;6,98;32,46;18,5;10,5;71,2;729,7;0,0
7/05/22;18:50:00;6,98;31,64;348,8;10,5;71,9;729,8;0,0
7/05/22;19:00:00;6,98;33,08;357,5;10,3;74,0;729,8;0,0
7/05/22;19:10:00;6,98;32,23;352,9;10,2;75,0;730,0;0,0
7/05/22;19:20:00;6,98;37,37;4,9;10,3;74,8;730,1;0,0
7/05/22;19:30:00;6,98;39,95;1,7;10,3;75,3;730,1;0,0
7/05/22;19:40:00;6,98;37,76;360,0;10,2;76,1;730,3;0,0
7/05/22;19:50:00;6,90;40,77;14,5;10,3;75,6;730,2;0,0
7/05/22;20:00:00;6,90;40,85;21,5;10,5;75,0;730,3;0,0
7/05/22;20:10:00;6,90;30,68;353,6;10,5;73,7;730,4;0,0
7/05/22;20:20:00;6,90;27,91;13,4;10,6;73,2;730,4;0,0
7/05/22;20:30:00;6,90;31,27;12,5;10,6;73,6;730,6;0,0
7/05/22;20:40:00;6,90;29,23;11,5;10,6;73,9;730,7;0,0
7/05/22;20:50:00;6,90;29,28;5,6;10,5;75,0;730,9;0,0
7/05/22;21:00:00;6,90;31,56;359,6;10,5;75,2;730,8;0,0
7/05/22;21:10:00;6,90;33,73;347,8;10,6;74,7;730,7;0,0
7/05/22;21:20:00;6,90;34,52;357,5;10,4;75,2;730,7;0,0
7/05/22;21:30:00;6,82;36,20;353,3;10,6;73,7;730,8;0,0
7/05/22;21:40:00;6,82;37,17;14,5;10,6;74,0;730,7;0,0
7/05/22;21:50:00;6,82;36,45;11,0;10,4;74,6;730,8;0,0
7/05/22;22:00:00;6,82;36,76;5,1;10,4;74,4;730,7;0,0
7/05/22;22:10:00;6,82;36,80;3,6;10,5;72,6;730,7;0,0
7/05/22;22:20:00;6,82;34,98;19,0;10,5;73,0;730,7;0,0
7/05/22;22:30:00;6,82;36,75;21,3;10,4;73,7;730,8;0,0
7/05/22;22:40:00;6,82;37,51;16,3;10,3;74,9;730,8;0,0
7/05/22;22:50:00;6,82;33,03;28,0;10,2;75,0;730,8;0,0
7/05/22;23:00:00;6,82;33,81;17,2;10,2;75,4;730,8;0,0
7/05/22;23:10:00;6,82;31,14;359,2;10,1;76,5;730,9;0,0
7/05/22;23:20:00;6,82;30,47;340,7;10,1;76,1;730,9;0,0
7/05/22;23:30:00;6,82;30,87;357,9;10,1;76,0;730,9;0,0
7/05/22;23:40:00;6,82;31,34;15,9;10,1;76,2;731,0;0,0
7/05/22;23:50:00;6,75;31,41;355,2;10,1;76,2;730,9;0,0
8/05/22;0:00:00;6,75;31,52;3,0;10,0;77,8;730,8;0,0
8/05/22;0:10:00;6,75;29,62;359,3;9,8;78,6;730,8;0,0
8/05/22;0:20:00;6,75;26,73;11,6;9,7;79,4;730,8;0,0
8/05/22;0:30:00;6,75;24,77;23,8;9,8;79,3;730,7;0,0
8/05/22;0:40:00;6,75;21,45;358,1;9,5;80,7;730,7;0,0
8/05/22;0:50:00;6,75;24,88;359,5;9,8;78,8;730,5;0,0
8/05/22;1:00:00;6,75;26,09;20,9;9,9;77,4;730,3;0,0
8/05/22;1:10:00;6,75;25,97;1,8;9,9;76,9;730,3;0,0
8/05/22;1:20:00;6,75;29,47;34,4;9,9;76,5;730,0;0,0
8/05/22;1:30:00;6,75;32,34;348,4;9,9;76,2;730,1;0,0
8/05/22;1:40:00;6,75;31,93;1,4;9,7;78,9;730,2;0,0
8/05/22;1:50:00;6,67;30,17;345,8;9,7;78,3;730,1;0,0
8/05/22;2:00:00;6,67;29,48;338,2;9,7;78,5;730,1;0,0
8/05/22;2:10:00;6,67;27,56;349,5;9,6;79,8;730,0;0,0
8/05/22;2:20:00;6,67;25,44;323,0;9,4;81,6;730,1;0,0
8/05/22;2:30:00;6,67;27,74;327,2;9,5;81,1;730,0;0,0
8/05/22;2:40:00;6,67;30,87;339,0;9,7;79,9;730,1;0,0
8/05/22;2:50:00;6,67;31,99;316,9;9,7;80,7;729,9;0,0
8/05/22;3:00:00;6,67;25,73;327,5;9,5;81,3;729,8;0,0
8/05/22;3:10:00;6,67;26,52;331,7;9,4;82,1;729,7;0,0
8/05/22;3:20:00;6,67;27,55;334,8;9,5;82,4;729,7;0,0
8/05/22;3:30:00;6,67;29,60;356,7;9,5;82,0;729,5;0,0
8/05/22;3:40:00;6,67;30,84;334,7;9,7;80,5;729,5;0,0
8/05/22;3:50:00;6,67;35,74;349,8;9,9;77,7;729,3;0,0
8/05/22;4:00:00;6,67;38,14;349,7;10,1;76,4;729,2;0,0
8/05/22;4:10:00;6,59;33,04;340,8;9,9;77,2;729,1;0,0
8/05/22;4:20:00;6,59;30,67;24,3;10,0;74,2;728,8;0,0
8/05/22;4:30:00;6,59;33,51;349,7;10,2;73,0;728,8;0,0
8/05/22;4:40:00;6,59;35,13;2,7;10,0;75,0;728,8;0,0
8/05/22;4:50:00;6,59;32,54;0,9;9,9;75,9;728,8;0,0
8/05/22;5:00:00;6,59;34,67;350,9;10,1;74,0;728,8;0,0
8/05/22;5:10:00;6,59;29,26;9,1;10,1;73,1;728,8;0,0
8/05/22;5:20:00;6,59;38,57;8,8;10,2;73,3;728,6;0,0
8/05/22;5:30:00;6,59;39,61;354,8;10,0;75,0;728,5;0,0
8/05/22;5:40:00;6,59;39,72;19,5;10,0;75,8;728,4;0,0
8/05/22;5:50:00;6,59;39,29;4,6;10,1;74,4;728,3;0,0
8/05/22;6:00:00;6,59;42,02;29,2;10,0;75,2;728,3;0,0
8/05/22;6:10:00;6,59;39,03;10,5;10,1;74,1;728,3;0,0
8/05/22;6:20:00;6,59;38,83;6,5;10,2;73,9;728,5;0,0
8/05/22;6:30:00;6,59;44,29;2,8;10,4;72,2;728,5;0,0
8/05/22;6:40:00;6,59;39,45;8,8;10,4;72,0;728,9;0,0
8/05/22;6:50:00;6,59;33,18;17,3;10,5;71,0;728,8;0,0
8/05/22;7:00:00;6,59;37,62;359,6;10,7;70,1;728,9;0,0
8/05/22;7:10:00;6,51;38,15;26,3;10,7;70,2;728,8;0,0
8/05/22;7:20:00;6,67;36,33;13,0;11,0;69,1;728,9;0,0
8/05/22;7:30:00;6,67;42,17;349,0;11,4;68,2;728,9;0,0
8/05/22;7:40:00;6,75;37,50;16,1;11,7;66,5;728,8;0,0
8/05/22;7:50:00;6,75;39,00;37,5;11,8;65,9;728,8;0,0
8/05/22;8:00:00;6,75;38,05;40,6;12,0;64,7;729,0;0,0
8/05/22;8:10:00;6,82;30,23;4,1;12,2;64,5;729,2;0,0
8/05/22;8:20:00;6,82;34,79;16,3;12,4;63,6;729,1;0,0
8/05/22;8:30:00;6,90;37,61;25,8;12,4;63,8;729,3;0,0
8/05/22;8:40:00;6,90;42,60;49,4;12,6;62,8;729,2;0,0
8/05/22;8:50:00;6,90;44,34;27,2;12,7;62,1;729,2;0,0
8/05/22;9:00:00;6,98;46,51;32,4;12,9;61,2;729,1;0,0
8/05/22;9:10:00;6,98;50,23;32,6;13,1;59,7;729,0;0,0
8/05/22;9:20:00;6,98;47,89;33,3;13,4;58,4;729,1;0,0
8/05/22;9:30:00;7,06;46,88;27,0;13,5;58,3;729,3;0,0
8/05/22;9:40:00;7,06;45,06;24,5;13,5;58,2;729,2;0,0
8/05/22;9:50:00;7,06;40,82;30,4;13,8;57,2;729,3;0,0
8/05/22;10:00:00;7,14;45,14;27,7;14,0;56,6;729,1;0,0
8/05/22;10:10:00;7,14;47,71;7,6;14,0;56,6;729,1;0,0
8/05/22;10:20:00;7,14;54,38;25,6;14,1;56,3;728,7;0,0
8/05/22;10:30:00;7,14;50,34;356,4;14,2;56,4;729,1;0,0
8/05/22;10:40:00;7,14;52,53;12,4;14,3;56,4;728,9;0,0
8/05/22;10:50:00;7,14;53,27;29,6;14,4;56,6;728,7;0,0
8/05/22;11:00:00;7,22;49,90;12,7;14,9;56,1;728,9;0,0
8/05/22;11:10:00;7,22;49,28;40,9;14,9;55,8;728,9;0,0
8/05/22;11:20:00;7,22;51,98;19,9;14,9;55,8;728,7;0,0
8/05/22;11:30:00;7,22;48,51;48,6;15,0;55,1;728,4;0,0
8/05/22;11:40:00;7,22;51,46;16,0;15,2;55,2;728,3;0,0
8/05/22;11:50:00;7,22;50,25;359,9;15,1;56,1;728,4;0,0
8/05/22;12:00:00;7,14;48,16;48,7;15,2;56,5;728,1;0,0
8/05/22;12:10:00;7,22;54,96;36,1;15,1;56,9;727,8;0,0
8/05/22;12:20:00;7,22;51,75;31,0;15,3;57,0;727,6;0,0
8/05/22;12:30:00;7,22;49,13;14,8;15,4;57,3;727,6;0,0
8/05/22;12:40:00;7,22;51,21;24,0;15,2;58,2;727,4;0,0
8/05/22;12:50:00;7,22;47,04;48,1;15,6;57,1;727,4;0,0
8/05/22;13:00:00;7,22;48,63;39,7;15,4;57,7;727,3;0,0
8/05/22;13:10:00;7,22;47,73;21,4;15,4;58,0;727,0;0,0
8/05/22;13:20:00;7,22;50,06;10,4;15,2;59,1;726,9;0,0
8/05/22;13:30:00;7,22;50,72;34,5;15,1;60,0;726,8;0,0
8/05/22;13:40:00;7,22;49,01;42,9;15,4;58,8;726,7;0,0
8/05/22;13:50:00;7,22;49,52;42,1;15,4;59,2;726,5;0,0
8/05/22;14:00:00;7,22;53,79;25,6;15,2;59,3;726,4;0,0
8/05/22;14:10:00;7,22;52,51;21,4;14,9;61,3;726,4;0,0
8/05/22;14:20:00;7,22;50,40;31,0;14,9;61,8;726,4;0,0
8/05/22;14:30:00;7,22;53,86;34,4;14,6;62,1;726,3;0,0
8/05/22;14:40:00;7,22;52,20;20,2;14,6;62,2;726,2;0,0
8/05/22;14:50:00;7,22;48,61;22,6;14,8;61,0;726,1;0,0
8/05/22;15:00:00;7,22;51,06;23,3;14,6;61,5;726,0;0,0
8/05/22;15:10:00;7,22;52,69;24,3;14,5;62,2;725,9;0,0
8/05/22;15:20:00;7,22;52,35;3,8;14,2;63,5;726,1;0,0
8/05/22;15:30:00;7,22;52,64;22,6;14,1;64,1;725,8;0,0
8/05/22;15:40:00;7,22;52,56;6,9;13,9;65,0;726,0;0,0
8/05/22;15:50:00;7,22;55,68;24,5;13,5;67,3;725,8;0,0
8/05/22;16:00:00;7,22;52,32;25,9;13,5;67,6;725,8;0,0
8/05/22;16:10:00;7,22;56,54;30,4;13,4;67,9;725,5;0,0
8/05/22;16:20:00;7,22;54,85;2,4;13,4;67,8;725,4;0,0
8/05/22;16:30:00;7,22;58,29;31,6;13,3;67,4;725,2;0,0
8/05/22;16:40:00;7,22;56,11;12,8;13,2;67,3;725,5;0,0
8/05/22;16:50:00;7,14;56,64;11,1;13,1;67,7;725,4;0,0
8/05/22;17:00:00;7,14;56,58;30,1;13,2;67,6;725,5;0,0
8/05/22;17:10:00;7,14;61,64;18,1;13,1;67,5;725,1;0,0
8/05/22;17:20:00;7,14;66,64;23,6;13,1;67,5;725,3;0,0
8/05/22;17:30:00;7,14;64,48;355,6;12,9;68,4;725,3;0,0
8/05/22;17:40:00;7,06;67,36;19,5;12,7;69,6;725,1;0,0
8/05/22;17:50:00;7,06;67,80;349,0;12,6;70,5;725,0;0,0
8/05/22;18:00:00;7,06;64,88;12,6;12,5;71,1;725,2;0,0
8/05/22;18:10:00;7,06;72,88;6,4;12,5;71,4;724,9;0,0
8/05/22;18:20:00;7,06;68,13;13,7;12,3;72,7;725,1;0,0
8/05/22;18:30:00;6,98;66,88;12,7;12,2;73,9;724,9;0,0
8/05/22;18:40:00;6,98;66,50;8,9;12,2;73,7;725,0;0,0
8/05/22;18:50:00;6,98;67,73;28,6;12,1;73,9;724,8;0,0
8/05/22;19:00:00;6,98;68,83;25,5;12,1;73,9;725,0;0,0
8/05/22;19:10:00;6,98;64,50;12,2;12,1;73,9;725,4;0,0
8/05/22;19:20:00;6,98;60,26;18,4;12,3;72,6;725,6;0,0
8/05/22;19:30:00;6,98;62,33;14,0;12,1;74,2;725,6;0,0
8/05/22;19:40:00;6,98;66,22;22,1;12,2;73,8;725,7;0,0
8/05/22;19:50:00;6,98;64,46;5,2;12,2;74,2;725,8;0,0
8/05/22;20:00:00;6,90;61,62;5,9;12,3;72,8;725,7;0,0
8/05/22;20:10:00;6,90;62,46;357,5;12,5;72,2;726,0;0,0
8/05/22;20:20:00;6,90;61,59;21,5;12,5;71,7;726,0;0,0
8/05/22;20:30:00;6,90;62,61;350,7;12,5;72,1;726,2;0,0
8/05/22;20:40:00;6,90;57,56;23,1;12,3;72,4;726,2;0,0
8/05/22;20:50:00;6,90;56,03;357,3;12,3;72,7;726,8;0,0
8/05/22;21:00:00;6,90;50,63;3,4;12,2;73,3;727,5;0,0
8/05/22;21:10:00;6,90;39,36;24,7;12,1;73,2;727,7;0,0
8/05/22;21:20:00;6,90;37,88;28,5;12,1;73,2;728,0;0,0
8/05/22;21:30:00;6,90;35,63;8,9;12,0;73,2;728,1;0,0
8/05/22;21:40:00;6,90;38,49;4,8;12,0;73,0;728,1;0,0
8/05/22;21:50:00;6,82;39,91;344,0;12,1;73,0;728,2;0,0
8/05/22;22:00:00;6,82;36,40;20,8;12,1;72,1;728,2;0,0
8/05/22;22:10:00;6,82;40,03;15,6;11,8;74,6;728,3;0,0
8/05/22;22:20:00;6,82;33,43;24,2;11,8;73,9;728,4;0,0
8/05/22;22:30:00;6,82;41,01;9,7;11,8;74,6;728,4;0,0
8/05/22;22:40:00;6,82;38,28;1,5;11,8;74,2;728,5;0,0
8/05/22;22:50:00;6,82;39,63;9,0;11,8;73,9;728,5;0,0
8/05/22;23:00:00;6,82;34,98;2,8;11,8;73,8;728,6;0,0
8/05/22;23:10:00;6,82;34,74;352,6;11,8;73,6;728,7;0,0
8/05/22;23:20:00;6,82;40,94;14,3;11,7;74,3;728,5;0,0
8/05/22;23:30:00;6,82;40,67;14,8;11,6;75,0;728,8;0,0
8/05/22;23:40:00;6,82;42,80;16,3;11,6;74,6;728,7;0,0
8/05/22;23:50:00;6,75;45,02;9,7;11,7;72,8;728,5;0,0
9/05/22;0:00:00;6,75;45,05;7,9;11,8;72,1;728,5;0,0
9/05/22;0:10:00;6,75;44,58;7,4;11,6;74,2;728,6;0,0
9/05/22;0:20:00;6,75;44,19;3,8;11,6;73,8;728,6;0,0
9/05/22;0:30:00;6,75;45,07;360,0;11,4;75,4;728,7;0,0
9/05/22;0:40:00;6,75;47,89;18,8;11,5;74,4;728,5;0,0
9/05/22;0:50:00;6,75;48,05;24,7;11,4;74,7;728,4;0,0
9/05/22;1:00:00;6,75;44,88;7,8;11,4;74,3;728,3;0,0
9/05/22;1:10:00;6,75;42,79;15,2;11,4;73,8;728,4;0,0
9/05/22;1:20:00;6,75;46,43;16,1;11,7;71,1;728,3;0,0
9/05/22;1:30:00;6,75;40,03;11,4;11,6;71,9;728,2;0,0
9/05/22;1:40:00;6,75;39,29;10,2;11,4;73,8;728,2;0,0
9/05/22;1:50:00;6,75;37,36;21,7;11,3;74,4;728,1;0,0
9/05/22;2:00:00;6,75;38,48;13,3;11,2;75,7;728,0;0,0
9/05/22;2:10:00;6,67;45,47;5,9;11,2;75,9;727,8;0,0
9/05/22;2:20:00;6,67;42,58;17,4;11,3;74,3;727,9;0,0
9/05/22;2:30:00;6,67;28,97;29,6;11,3;73,6;728,1;0,0
9/05/22;2:40:00;6,67;37,89;8,4;11,3;74,3;728,0;0,0
9/05/22;2:50:00;6,67;43,88;20,6;10,9;78,2;727,8;0,0
9/05/22;3:00:00;6,67;38,94;10,0;10,8;79,1;727,9;0,0
9/05/22;3:10:00;6,67;36,05;33,8;11,1;76,0;728,0;0,0
9/05/22;3:20:00;6,67;37,03;29,3;11,3;74,5;728,1;0,0
9/05/22;3:30:00;6,67;36,07;13,5;11,4;74,1;728,0;0,0
9/05/22;3:40:00;6,67;34,66;7,4;11,6;71,9;728,1;0,0
9/05/22;3:50:00;6,67;30,93;29,8;11,4;73,4;728,0;0,0
9/05/22;4:00:00;6,67;33,18;32,3;11,4;72,5;727,9;0,0
9/05/22;4:10:00;6,67;38,22;20,1;11,7;70,5;727,8;0,0
9/05/22;4:20:00;6,67;42,77;31,7;11,5;72,1;727,8;0,0
9/05/22;4:30:00;6,59;37,55;26,9;11,5;71,5;728,0;0,0
9/05/22;4:40:00;6,59;39,87;13,7;11,5;71,8;728,1;0,0
9/05/22;4:50:00;6,59;30,30;10,0;11,4;72,6;728,3;0,0
9/05/22;5:00:00;6,59;37,34;15,3;11,4;73,4;728,3;0,0
9/05/22;5:10:00;6,59;39,84;37,9;11,2;74,3;728,1;0,0
9/05/22;5:20:00;6,59;37,90;16,9;11,2;73,2;728,2;0,0
9/05/22;5:30:00;6,59;35,86;7,3;11,4;71,7;728,3;0,0
9/05/22;5:40:00;6,59;32,94;33,5;11,3;71,3;728,4;0,0
9/05/22;5:50:00;6,59;30,58;10,1;11,3;70,3;728,6;0,0
9/05/22;6:00:00;6,59;28,47;39,3;11,3;69,8;728,5;0,0
9/05/22;6:10:00;6,59;35,44;15,3;11,0;72,2;728,5;0,0
9/05/22;6:20:00;6,59;41,59;29,1;10,8;74,6;728,4;0,0
9/05/22;6:30:00;6,59;41,43;20,6;10,8;75,1;728,4;0,0
9/05/22;6:40:00;6,51;42,54;9,8;10,9;74,8;728,6;0,0
9/05/22;6:50:00;6,59;44,12;16,3;10,9;75,0;728,6;0,0
9/05/22;7:00:00;6,59;44,45;15,4;11,0;75,0;728,8;0,0
9/05/22;7:10:00;6,59;42,87;20,6;10,9;76,7;728,7;0,0
9/05/22;7:20:00;6,59;40,52;20,0;11,0;76,2;729,0;0,0
9/05/22;7:30:00;6,67;39,06;7,4;11,5;73,8;729,2;0,0
9/05/22;7:40:00;6,75;42,91;18,0;11,8;71,8;729,2;0,0
9/05/22;7:50:00;6,75;40,63;344,6;12,0;71,0;729,5;0,0
9/05/22;8:00:00;6,75;43,05;14,1;12,0;71,9;729,6;0,0
9/05/22;8:10:00;6,82;42,96;15,7;12,1;72,3;729,7;0,0
9/05/22;8:20:00;6,82;45,93;21,5;12,2;71,7;729,6;0,0
9/05/22;8:30:00;6,90;45,83;34,9;12,2;72,6;729,6;0,0
9/05/22;8:40:00;6,90;47,51;28,8;12,4;71,6;729,6;0,0
9/05/22;8:50:00;6,90;46,77;32,0;12,6;71,1;729,6;0,0
9/05/22;9:00:00;6,98;47,79;37,2;13,0;69,2;729,6;0,0
9/05/22;9:10:00;6,98;44,46;27,5;13,4;68,8;729,7;0,0
9/05/22;9:20:00;6,98;47,12;29,4;13,3;69,0;729,7;0,0
9/05/22;9:30:00;7,06;47,51;30,1;13,1;69,6;729,8;0,0
9/05/22;9:40:00;7,06;50,78;25,4;13,3;67,9;729,7;0,0
9/05/22;9:50:00;7,06;52,44;45,3;13,4;67,4;729,5;0,0
9/05/22;10:00:00;7,14;52,93;37,2;13,9;65,3;729,4;0,0
9/05/22;10:10:00;7,14;54,78;26,8;14,0;64,9;729,4;0,0
9/05/22;10:20:00;7,14;54,23;28,1;13,9;65,9;729,4;0,0
9/05/22;10:30:00;7,14;56,16;23,2;14,2;65,0;729,1;0,0
9/05/22;10:40:00;7,14;52,82;41,7;14,2;65,3;729,2;0,0
9/05/22;10:50:00;7,14;53,40;37,7;14,4;64,1;728,9;0,0
9/05/22;11:00:00;7,22;55,62;45,0;14,4;64,8;729,1;0,0
9/05/22;11:10:00;7,22;50,79;32,9;14,6;65,3;729,0;0,0
9/05/22;11:20:00;7,22;52,17;34,0;14,3;66,4;729,0;0,0
9/05/22;11:30:00;7,22;54,94;37,9;14,3;66,6;728,9;0,0
9/05/22;11:40:00;7,22;54,54;18,6;14,2;66,9;728,9;0,0
9/05/22;11:50:00;7,22;56,16;28,4;14,3;64,7;728,6;0,0
9/05/22;12:00:00;7,22;53,02;14,6;14,2;64,5;728,7;0,0
9/05/22;12:10:00;7,22;55,33;29,1;14,1;64,8;728,5;0,0
9/05/22;12:20:00;7,22;53,94;51,5;14,4;63,5;728,4;0,0
9/05/22;12:30:00;7,22;53,34;21,6;14,5;63,3;728,5;0,0
9/05/22;12:40:00;7,22;51,87;28,0;14,7;62,2;728,5;0,0
9/05/22;12:50:00;7,22;49,69;21,4;14,7;63,2;728,5;0,0
9/05/22;13:00:00;7,22;53,69;21,4;14,8;62,9;728,2;0,0
9/05/22;13:10:00;7,22;56,80;42,7;14,6;63,8;728,0;0,0
9/05/22;13:20:00;7,22;57,68;45,9;14,5;63,3;727,8;0,0
9/05/22;13:30:00;7,22;54,49;23,7;14,7;62,9;727,9;0,0
9/05/22;13:40:00;7,22;53,18;33,3;14,7;63,3;727,6;0,0
9/05/22;13:50:00;7,22;49,26;41,8;14,7;63,7;727,9;0,0
9/05/22;14:00:00;7,22;47,67;38,4;14,4;65,7;727,8;0,0
9/05/22;14:10:00;7,22;45,40;19,8;14,5;65,4;727,9;0,0
9/05/22;14:20:00;7,22;50,56;40,3;14,2;67,3;727,5;0,0
9/05/22;14:30:00;7,22;45,10;350,2;14,1;68,5;727,5;0,0
9/05/22;14:40:00;7,22;50,70;30,1;13,9;69,6;727,1;0,0
9/05/22;14:50:00;7,22;50,40;17,9;13,5;71,8;727,2;0,0
9/05/22;15:00:00;7,22;50,45;43,2;13,3;72,1;727,1;0,0
9/05/22;15:10:00;7,22;52,33;13,6;13,3;72,4;726,9;0,0
9/05/22;15:20:00;7,22;50,12;16,5;13,3;71,5;727,0;0,0
9/05/22;15:30:00;7,22;55,68;34,5;13,2;72,0;726,8;0,0
9/05/22;15:40:00;7,22;49,02;25,3;13,3;71,6;726,7;0,0
9/05/22;15:50:00;7,22;47,71;39,8;13,2;72,7;726,7;0,0
9/05/22;16:00:00;7,14;46,53;36,4;12,5;76,5;726,9;0,0
9/05/22;16:10:00;7,14;48,41;50,4;11,5;82,7;726,9;0,0
9/05/22;16:20:00;7,14;44,12;41,7;11,5;82,8;726,9;0,0
9/05/22;16:30:00;7,14;50,68;25,7;11,6;81,1;726,7;0,0
9/05/22;16:40:00;7,14;39,83;46,7;11,5;82,0;727,2;0,0
9/05/22;16:50:00;7,14;43,70;51,7;11,6;79,8;727,1;0,0
9/05/22;17:00:00;7,14;45,88;29,4;11,6;79,9;727,2;0,0
9/05/22;17:10:00;7,06;50,45;38,9;11,5;80,3;727,1;0,0
9/05/22;17:20:00;7,06;47,60;43,3;11,5;79,2;727,1;0,0
9/05/22;17:30:00;7,06;53,61;16,4;11,4;79,5;727,1;0,0
9/05/22;17:40:00;7,06;50,37;21,0;11,4;78,8;727,1;0,0
9/05/22;17:50:00;7,06;49,92;30,5;11,4;78,7;727,0;0,0
9/05/22;18:00:00;7,06;50,46;30,6;11,7;77,0;727,1;0,0
9/05/22;18:10:00;6,98;50,80;20,1;11,7;76,9;727,3;0,0
9/05/22;18:20:00;6,98;45,36;22,9;11,6;77,8;727,5;0,0
9/05/22;18:30:00;6,98;45,36;28,7;11,6;76,8;727,6;0,0
9/05/22;18:40:00;6,98;42,16;27,2;11,6;75,8;727,8;0,0
9/05/22;18:50:00;6,98;40,22;39,2;11,8;74,7;727,8;0,0
9/05/22;19:00:00;6,98;38,24;40,8;11,6;76,1;728,0;0,0
9/05/22;19:10:00;6,98;35,47;31,7;11,6;77,0;728,3;0,0
9/05/22;19:20:00;6,98;34,38;40,0;11,8;74,7;728,3;0,0
9/05/22;19:30:00;6,98;31,82;13,0;12,1;72,3;728,5;0,0
9/05/22;19:40:00;6,98;31,84;10,8;12,2;71,9;728,8;0,0
9/05/22;19:50:00;6,90;35,22;17,5;12,1;72,2;728,9;0,0
9/05/22;20:00:00;6,90;39,88;38,9;12,0;74,8;729,0;0,0
9/05/22;20:10:00;6,90;38,16;6,0;12,0;73,1;729,0;0,0
9/05/22;20:20:00;6,90;45,01;30,9;12,1;72,2;728,9;0,0
9/05/22;20:30:00;6,90;44,91;25,4;12,0;72,6;728,9;0,0
9/05/22;20:40:00;6,90;41,96;7,0;12,0;72,2;729,2;0,0
9/05/22;20:50:00;6,90;40,20;29,5;12,0;71,3;729,3;0,0
9/05/22;21:00:00;6,90;47,37;357,4;11,9;72,8;729,4;0,0
9/05/22;21:10:00;6,90;44,63;358,0;11,8;73,6;729,5;0,0
9/05/22;21:20:00;6,90;40,00;18,6;11,7;73,9;729,8;0,0
9/05/22;21:30:00;6,82;41,29;13,2;11,8;73,8;729,8;0,0
9/05/22;21:40:00;6,82;37,08;4,3;12,1;70,8;729,9;0,0
9/05/22;21:50:00;6,82;39,03;358,5;12,0;71,8;730,1;0,0
9/05/22;22:00:00;6,82;37,10;13,4;11,9;72,9;730,2;0,0
9/05/22;22:10:00;6,82;36,64;7,5;11,7;74,8;730,3;0,0
9/05/22;22:20:00;6,82;37,94;17,6;11,5;76,5;730,4;0,0
9/05/22;22:30:00;6,82;38,15;10,5;11,3;79,1;730,6;0,0
9/05/22;22:40:00;6,82;37,13;15,0;11,3;79,3;730,6;0,0
9/05/22;22:50:00;6,82;36,23;12,4;11,3;80,2;730,7;0,0
9/05/22;23:00:00;6,82;37,48;2,6;11,2;81,6;730,7;0,0
9/05/22;23:10:00;6,82;29,92;15,4;11,2;81,3;731,0;0,0
9/05/22;23:20:00;6,82;32,07;14,2;11,2;81,6;730,9;0,0
9/05/22;23:30:00;6,75;32,88;29,4;11,1;82,0;730,8;0,0
9/05/22;23:40:00;6,75;32,73;26,1;11,0;82,5;730,7;0,0
9/05/22;23:50:00;6,75;32,46;12,9;11,0;83,1;730,9;0,0
10/05/22;0:00:00;6,75;27,63;353,8;11,0;82,8;730,9;0,0
10/05/22;0:10:00;6,75;25,43;36,3;11,1;82,2;730,8;0,0
10/05/22;0:20:00;6,75;29,23;352,7;11,0;83,3;730,8;0,0
10/05/22;0:30:00;6,75;34,01;14,0;10,9;84,0;730,7;0,0
10/05/22;0:40:00;6,75;34,85;359,2;10,9;82,8;730,6;0,0
10/05/22;0:50:00;6,75;33,95;22,6;10,8;83,2;730,5;0,0
10/05/22;1:00:00;6,75;35,06;18,6;10,8;83,6;730,4;0,0
10/05/22;1:10:00;6,75;29,10;0,6;10,7;83,2;730,4;0,0
10/05/22;1:20:00;6,75;25,65;350,2;10,7;84,1;730,5;0,0
10/05/22;1:30:00;6,75;27,81;31,6;10,6;84,9;730,3;0,0
10/05/22;1:40:00;6,67;27,44;342,8;10,8;84,3;730,3;0,0
10/05/22;1:50:00;6,67;28,16;346,9;10,7;84,3;730,3;0,0
10/05/22;2:00:00;6,67;28,32;347,1;10,9;82,9;730,2;0,0
10/05/22;2:10:00;6,67;29,75;7,5;10,8;84,2;730,0;0,0
10/05/22;2:20:00;6,67;31,24;339,1;10,8;83,8;730,0;0,0
10/05/22;2:30:00;6,67;34,61;12,1;10,9;82,4;729,8;0,0
10/05/22;2:40:00;6,67;32,81;19,6;11,0;81,5;729,7;0,0
10/05/22;2:50:00;6,67;31,39;354,9;10,9;80,8;729,6;0,0
10/05/22;3:00:00;6,67;33,60;346,8;11,1;79,4;729,6;0,0
10/05/22;3:10:00;6,67;34,08;25,1;11,1;80,0;729,6;0,0
10/05/22;3:20:00;6,67;33,15;8,2;11,0;79,6;729,5;0,0
10/05/22;3:30:00;6,67;30,36;24,8;11,1;78,1;729,5;0,0
10/05/22;3:40:00;6,59;25,23;9,3;11,2;76,7;729,5;0,0
10/05/22;3:50:00;6,67;26,53;343,2;10,9;80,7;729,6;0,0
10/05/22;4:00:00;6,59;22,35;357,6;10,7;81,1;729,8;0,0
10/05/22;4:10:00;6,59;21,88;352,3;10,7;80,4;729,8;0,0
10/05/22;4:20:00;6,59;28,28;348,5;10,8;78,8;729,7;0,0
10/05/22;4:30:00;6,59;28,70;5,2;11,0;77,1;729,5;0,0
10/05/22;4:40:00;6,59;29,89;14,3;11,2;74,8;729,4;0,0
10/05/22;4:50:00;6,59;33,00;1,7;11,1;76,6;729,5;0,0
10/05/22;5:00:00;6,59;30,07;356,4;10,9;78,6;729,5;0,0
10/05/22;5:10:00;6,59;34,30;4,8;10,8;79,5;729,4;0,0
10/05/22;5:20:00;6,59;35,22;24,5;10,8;78,3;729,4;0,0
10/05/22;5:30:00;6,59;35,26;10,9;11,2;73,8;729,3;0,0
10/05/22;5:40:00;6,59;32,87;32,5;11,2;73,9;729,5;0,0
10/05/22;5:50:00;6,59;28,55;6,2;11,2;73,7;729,5;0,0
10/05/22;6:00:00;6,59;26,65;343,9;11,2;74,2;729,7;0,0
10/05/22;6:10:00;6,59;22,02;63,0;11,2;72,8;729,8;0,0
10/05/22;6:20:00;6,59;23,16;353,6;11,5;70,3;729,8;0,0
10/05/22;6:30:00;6,51;29,47;357,0;11,6;69,7;729,9;0,0
10/05/22;6:40:00;6,51;30,69;358,8;11,7;68,5;729,9;0,0
10/05/22;6:50:00;6,51;37,27;13,8;11,9;67,4;729,9;0,0
10/05/22;7:00:00;6,51;41,22;8,1;12,2;65,4;729,9;0,0
10/05/22;7:10:00;6,59;36,80;8,6;12,3;65,0;730,0;0,0
10/05/22;7:20:00;6,67;33,04;8,5;12,3;66,1;730,2;0,0
10/05/22;7:30:00;6,67;30,71;9,6;12,4;66,4;730,5;0,0
10/05/22;7:40:00;6,75;29,48;345,8;12,5;67,1;730,6;0,0
10/05/22;7:50:00;6,75;21,53;348,9;12,6;67,5;730,8;0,0
10/05/22;8:00:00;6,75;23,76;348,1;12,8;66,4;730,9;0,0
10/05/22;8:10:00;6,82;27,04;342,7;13,0;66,7;730,9;0,0
10/05/22;8:20:00;6,82;28,90;355,8;13,0;67,3;731,0;0,0
10/05/22;8:30:00;6,90;32,64;10,6;12,9;68,9;731,0;0,0
10/05/22;8:40:00;6,90;35,38;21,7;13,0;69,8;731,0;0,0
10/05/22;8:50:00;6,90;35,34;22,0;13,2;68,7;731,1;0,0
10/05/22;9:00:00;6,98;36,81;17,1;13,3;68,3;731,1;0,0
10/05/22;9:10:00;6,98;36,57;0,4;13,7;66,5;731,2;0,0
10/05/22;9:20:00;6,98;33,89;22,3;13,7;67,6;731,2;0,0
10/05/22;9:30:00;7,06;34,78;12,7;13,8;66,8;731,4;0,0
10/05/22;9:40:00;7,06;36,49;16,8;14,1;65,5;731,3;0,0
10/05/22;9:50:00;7,06;33,70;21,5;14,5;63,4;731,2;0,0
10/05/22;10:00:00;7,14;35,59;4,1;14,6;63,7;731,1;0,0
10/05/22;10:10:00;7,14;35,74;4,8;14,7;64,5;731,0;0,0
10/05/22;10:20:00;7,14;38,09;4,3;14,7;64,8;730,9;0,0
10/05/22;10:30:00;7,14;37,46;349,8;15,2;63,3;730,9;0,0
10/05/22;10:40:00;7,14;36,72;6,9;15,4;62,5;730,7;0,0
10/05/22;10:50:00;7,14;36,07;0,9;15,8;62,2;730,5;0,0
10/05/22;11:00:00;7,14;35,77;8,4;16,1;61,7;730,4;0,0
10/05/22;11:10:00;7,14;37,03;1,3;16,2;61,6;730,2;0,0
10/05/22;11:20:00;7,14;37,78;357,5;16,2;61,4;730,1;0,0
10/05/22;11:30:00;7,14;36,23;6,3;16,4;60,3;729,9;0,0
10/05/22;11:40:00;7,14;38,22;4,2;16,3;60,2;729,8;0,0
10/05/22;11:50:00;7,14;41,57;1,2;16,3;60,7;729,7;0,0
10/05/22;12:00:00;7,14;36,32;1,0;16,6;59,9;729,6;0,0
10/05/22;12:10:00;7,14;38,77;1,4;16,6;59,5;729,4;0,0
10/05/22;12:20:00;7,14;38,57;3,7;16,7;59,3;729,4;0,0
10/05/22;12:30:00;7,14;44,80;345,7;16,0;61,6;729,3;0,0
10/05/22;12:40:00;7,14;44,29;353,0;15,9;62,5;729,3;0,0
10/05/22;12:50:00;7,22;42,72;3,1;16,2;61,3;729,2;0,0
10/05/22;13:00:00;7,22;39,38;5,1;16,5;60,7;729,0;0,0
10/05/22;13:10:00;7,22;43,35;2,1;16,4;60,8;728,9;0,0
10/05/22;13:20:00;7,22;41,69;1,3;16,3;61,8;728,7;0,0
10/05/22;13:30:00;7,22;41,41;347,6;16,8;59,1;728,6;0,0
10/05/22;13:40:00;7,14;42,95;10,7;16,6;59,0;728,4;0,0
10/05/22;13:50:00;7,22;43,33;9,8;16,5;59,6;728,3;0,0
10/05/22;14:00:00;7,22;48,22;8,9;15,8;63,0;728,1;0,0
10/05/22;14:10:00;7,22;48,62;10,1;15,7;64,0;727,9;0,0
10/05/22;14:20:00;7,22;47,68;10,8;15,5;64,7;727,9;0,0
10/05/22;14:30:00;7,22;45,32;352,2;15,5;64,5;727,7;0,0
10/05/22;14:40:00;7,14;44,99;6,2;15,2;65,3;727,8;0,0
10/05/22;14:50:00;7,22;44,72;3,4;15,2;65,6;727,6;0,0
10/05/22;15:00:00;7,22;44,74;353,9;14,9;67,2;727,5;0,0
10/05/22;15:10:00;7,22;43,59;3,6;14,8;68,9;727,4;0,0
10/05/22;15:20:00;7,22;43,63;6,8;15,1;66,8;727,3;0,0
10/05/22;15:30:00;7,22;46,12;15,5;14,7;68,5;727,4;0,0
10/05/22;15:40:00;7,22;48,96;5,2;14,6;67,7;727,2;0,0
10/05/22;15:50:00;7,22;50,23;17,1;14,1;70,2;727,3;0,0
10/05/22;16:00:00;7,22;49,63;4,6;13,8;70,5;727,3;0,0
10/05/22;16:10:00;7,22;50,23;13,5;13,7;70,8;727,3;0,0
10/05/22;16:20:00;7,22;51,01;15,2;13,6;70,3;727,2;0,0
10/05/22;16:30:00;7,14;49,53;15,3;13,6;69,7;727,2;0,0
10/05/22;16:40:00;7,14;45,45;12,8;13,5;70,9;727,5;0,0
10/05/22;16:50:00;7,14;49,09;8,4;13,3;71,6;727,5;0,0
10/05/22;17:00:00;7,14;49,91;15,1;13,1;71,6;727,4;0,0
10/05/22;17:10:00;7,14;49,74;6,8;13,0;71,3;727,6;0,0
10/05/22;17:20:00;7,14;49,91;15,0;13,2;69,0;727,4;0,0
10/05/22;17:30:00;7,14;48,30;6,8;13,1;69,0;727,5;0,0
10/05/22;17:40:00;7,06;49,39;15,8;13,1;68,8;727,6;0,0
10/05/22;17:50:00;7,06;47,29;6,4;13,1;67,4;727,7;0,0
10/05/22;18:00:00;7,06;46,28;10,5;13,1;67,0;727,7;0,0
10/05/22;18:10:00;7,06;46,46;348,1;13,0;67,5;727,8;0,0
10/05/22;18:20:00;7,06;42,21;352,8;13,2;65,8;727,9;0,0
10/05/22;18:30:00;6,98;42,30;1,9;13,1;67,0;727,9;0,0
10/05/22;18:40:00;6,98;41,39;9,9;13,1;66,3;728,1;0,0
10/05/22;18:50:00;6,98;36,81;11,6;13,3;65,6;728,3;0,0
10/05/22;19:00:00;6,98;35,74;4,9;13,6;64,3;728,4;0,0
10/05/22;19:10:00;6,98;31,15;24,9;13,7;64,1;728,6;0,0
10/05/22;19:20:00;6,98;27,84;2,2;13,5;65,2;728,9;0,0
10/05/22;19:30:00;6,98;24,02;33,9;13,7;63,7;729,0;0,0
10/05/22;19:40:00;6,98;19,69;12,7;13,8;62,7;729,1;0,0
10/05/22;19:50:00;6,90;21,04;21,2;13,7;63,0;729,2;0,0
10/05/22;20:00:00;6,90;26,06;11,8;13,8;63,3;729,4;0,0
10/05/22;20:10:00;6,90;23,64;348,8;13,6;64,6;729,6;0,0
10/05/22;20:20:00;6,90;26,18;1,9;13,3;66,7;729,7;0,0
10/05/22;20:30:00;6,90;26,57;7,5;13,0;67,8;729,7;0,0
10/05/22;20:40:00;6,90;29,14;339,9;12,6;71,6;729,9;0,0
10/05/22;20:50:00;6,90;31,05;3,4;12,3;72,9;730,0;0,0
10/05/22;21:00:00;6,90;34,48;354,4;12,3;74,2;730,2;0,0
10/05/22;21:10:00;6,90;33,98;15,9;12,0;76,0;730,3;0,0
10/05/22;21:20:00;6,90;32,66;353,0;12,0;76,7;730,5;0,0
10/05/22;21:30:00;6,82;32,03;350,9;11,9;77,5;730,5;0,0
10/05/22;21:40:00;6,82;28,55;353,0;11,7;78,5;730,5;0,0
10/05/22;21:50:00;6,82;31,31;353,2;11,7;78,4;730,5;0,0
10/05/22;22:00:00;6,82;34,30;354,7;11,9;78,0;730,6;0,0
10/05/22;22:10:00;6,82;32,26;356,3;12,0;76,2;730,6;0,0
10/05/22;22:20:00;6,82;29,72;11,3;12,0;75,9;730,7;0,0
10/05/22;22:30:00;6,82;25,48;21,2;11,7;74,7;730,7;0,0
10/05/22;22:40:00;6,82;19,97;48,8;11,3;76,1;730,7;0,0
10/05/22;22:50:00;6,82;18,33;1,7;10,8;76,9;730,8;0,0
10/05/22;23:00:00;6,82;22,14;28,7;11,5;77,6;730,9;0,0
10/05/22;23:10:00;6,82;24,98;358,5;11,7;77,3;731,0;0,0
10/05/22;23:20:00;6,82;20,55;50,0;11,7;77,5;730,8;0,0
10/05/22;23:30:00;6,82;11,02;36,1;10,0;75,9;730,7;0,0
10/05/22;23:40:00;6,75;14,98;34,9;9,3;75,0;730,6;0,0
10/05/22;23:50:00;6,75;10,68;60,4;8,8;76,7;730,7;0,0
11/05/22;0:00:00;6,75;10,95;51,1;8,6;79,6;730,7;0,0
11/05/22;0:10:00;6,75;11,04;60,8;8,7;82,1;730,7;0,0
